food_log_id,food_id,user_id,servings,datetime
44,22,d4f24e1d-d554-45f2-a0bf-e9b217f27bec,0.20,2026-08-10 20:32:00+00
45,15,d4f24e1d-d554-45f2-a0bf-e9b217f27bec,0.20,2026-08-10 20:33:00+00
46,18,d4f24e1d-d554-45f2-a0bf-e9b217f27bec,0.87,2026-08-10 20:44:00+00
49,23,d4f24e1d-d554-45f2-a0bf-e9b217f27bec,1.00,2026-08-10 20:48:00+00
50,23,d4f24e1d-d554-45f2-a0bf-e9b217f27bec,1.00,2026-08-09 20:48:00+00
51,16,d4f24e1d-d554-45f2-a0bf-e9b217f27bec,1.00,2026-08-10 20:49:00+00
52,24,d4f24e1d-d554-45f2-a0bf-e9b217f27bec,1.50,2026-08-10 23:04:00+00
53,24,d4f24e1d-d554-45f2-a0bf-e9b217f27bec,1.00,2026-08-10 23:04:00+00
54,25,d4f24e1d-d554-45f2-a0bf-e9b217f27bec,2.00,2026-08-11 02:33:00+00
55,12,d4f24e1d-d554-45f2-a0bf-e9b217f27bec,1.00,2026-08-09 08:30:00+00
56,26,d4f24e1d-d554-45f2-a0bf-e9b217f27bec,1.00,2026-08-11 15:15:00+00
57,14,d4f24e1d-d554-45f2-a0bf-e9b217f27bec,1.00,2026-08-11 15:16:00+00
58,27,d4f24e1d-d554-45f2-a0bf-e9b217f27bec,1.00,2026-08-11 15:19:00+00
59,10,d4f24e1d-d554-45f2-a0bf-e9b217f27bec,1.00,2026-08-09 18:35:00+00
60,13,d4f24e1d-d554-45f2-a0bf-e9b217f27bec,1.00,2026-08-09 18:42:00+00
61,14,d4f24e1d-d554-45f2-a0bf-e9b217f27bec,1.00,2026-08-09 18:47:00+00
62,15,d4f24e1d-d554-45f2-a0bf-e9b217f27bec,1.00,2026-08-09 21:01:00+00
63,14,d4f24e1d-d554-45f2-a0bf-e9b217f27bec,1.00,2026-08-09 23:53:00+00
64,29,d4f24e1d-d554-45f2-a0bf-e9b217f27bec,1.00,2026-08-11 15:32:00+00
65,28,d4f24e1d-d554-45f2-a0bf-e9b217f27bec,0.87,2026-08-11 20:10:00+00
66,11,d4f24e1d-d554-45f2-a0bf-e9b217f27bec,1.00,2026-08-11 20:11:00+00
67,25,d4f24e1d-d554-45f2-a0bf-e9b217f27bec,1.07,2026-08-12 00:14:00+00
68,20,d4f24e1d-d554-45f2-a0bf-e9b217f27bec,1.00,2026-08-12 00:15:00+00
69,30,d4f24e1d-d554-45f2-a0bf-e9b217f27bec,1.00,2026-08-12 00:20:00+00
70,16,d4f24e1d-d554-45f2-a0bf-e9b217f27bec,1.00,2026-08-10 00:09:00+00
71,26,d4f24e1d-d554-45f2-a0bf-e9b217f27bec,1.00,2026-08-11 08:47:00+00
72,26,d4f24e1d-d554-45f2-a0bf-e9b217f27bec,1.00,2026-08-12 16:00:00+00
73,26,d4f24e1d-d554-45f2-a0bf-e9b217f27bec,1.00,2026-08-12 17:39:00+00
74,29,d4f24e1d-d554-45f2-a0bf-e9b217f27bec,1.00,2026-08-12 17:39:00+00
75,14,d4f24e1d-d554-45f2-a0bf-e9b217f27bec,1.00,2026-08-12 17:40:00+00
76,32,d4f24e1d-d554-45f2-a0bf-e9b217f27bec,1.00,2026-08-12 18:27:00+00
77,33,d4f24e1d-d554-45f2-a0bf-e9b217f27bec,1.00,2026-08-12 18:28:00+00
78,27,d4f24e1d-d554-45f2-a0bf-e9b217f27bec,1.00,2026-08-12 18:28:00+00
79,11,d4f24e1d-d554-45f2-a0bf-e9b217f27bec,1.00,2026-08-12 23:51:00+00
80,25,d4f24e1d-d554-45f2-a0bf-e9b217f27bec,1.00,2026-08-12 23:51:00+00
81,20,d4f24e1d-d554-45f2-a0bf-e9b217f27bec,1.00,2026-08-12 23:51:00+00
82,30,d4f24e1d-d554-45f2-a0bf-e9b217f27bec,1.00,2026-08-13 00:13:00+00
83,30,d4f24e1d-d554-45f2-a0bf-e9b217f27bec,1.00,2026-08-13 05:04:00+00
84,20,d4f24e1d-d554-45f2-a0bf-e9b217f27bec,0.50,2026-08-13 05:06:00+00
86,11,d4f24e1d-d554-45f2-a0bf-e9b217f27bec,1.00,2026-08-13 05:14:00+00
87,14,d4f24e1d-d554-45f2-a0bf-e9b217f27bec,1.00,2026-08-13 14:58:00+00
88,29,d4f24e1d-d554-45f2-a0bf-e9b217f27bec,1.00,2026-08-13 14:58:00+00
89,26,d4f24e1d-d554-45f2-a0bf-e9b217f27bec,2.00,2026-08-13 14:59:00+00
90,9,d4f24e1d-d554-45f2-a0bf-e9b217f27bec,1.00,2026-08-13 14:59:00+00
91,34,d4f24e1d-d554-45f2-a0bf-e9b217f27bec,0.25,2026-08-14 00:03:00+00
92,18,d4f24e1d-d554-45f2-a0bf-e9b217f27bec,1.00,2026-08-14 00:14:00+00
93,37,d4f24e1d-d554-45f2-a0bf-e9b217f27bec,1.00,2026-08-14 00:26:00+00
94,37,d4f24e1d-d554-45f2-a0bf-e9b217f27bec,1.00,2026-08-14 00:27:00+00
95,19,d4f24e1d-d554-45f2-a0bf-e9b217f27bec,1.00,2026-08-10 04:36:00+00
96,18,d4f24e1d-d554-45f2-a0bf-e9b217f27bec,1.00,2026-08-10 04:37:00+00
97,20,d4f24e1d-d554-45f2-a0bf-e9b217f27bec,1.00,2026-08-10 04:39:00+00
98,16,d4f24e1d-d554-45f2-a0bf-e9b217f27bec,1.00,2026-08-10 04:39:00+00
99,21,d4f24e1d-d554-45f2-a0bf-e9b217f27bec,1.00,2026-08-10 06:20:00+00
100,14,d4f24e1d-d554-45f2-a0bf-e9b217f27bec,1.00,2026-08-10 07:01:00+00
101,19,d4f24e1d-d554-45f2-a0bf-e9b217f27bec,0.50,2026-08-10 16:19:00+00
102,16,d4f24e1d-d554-45f2-a0bf-e9b217f27bec,1.00,2026-08-10 16:28:00+00
103,14,d4f24e1d-d554-45f2-a0bf-e9b217f27bec,1.00,2026-08-10 16:33:00+00
104,10,d4f24e1d-d554-45f2-a0bf-e9b217f27bec,1.00,2026-08-10 18:17:00+00
105,12,d4f24e1d-d554-45f2-a0bf-e9b217f27bec,1.00,2026-08-10 18:17:00+00
106,23,d4f24e1d-d554-45f2-a0bf-e9b217f27bec,1.00,2026-08-14 00:37:00+00
107,9,d4f24e1d-d554-45f2-a0bf-e9b217f27bec,1.00,2026-08-10 18:40:00+00
108,19,d4f24e1d-d554-45f2-a0bf-e9b217f27bec,1.00,2026-08-14 04:37:00+00
109,37,d4f24e1d-d554-45f2-a0bf-e9b217f27bec,1.00,2026-08-14 04:38:00+00
110,14,d4f24e1d-d554-45f2-a0bf-e9b217f27bec,1.00,2026-08-14 15:55:00+00
111,39,d4f24e1d-d554-45f2-a0bf-e9b217f27bec,1.00,2026-08-14 16:31:00+00
112,18,d4f24e1d-d554-45f2-a0bf-e9b217f27bec,1.33,2026-08-14 16:31:00+00
113,23,d4f24e1d-d554-45f2-a0bf-e9b217f27bec,1.00,2026-08-14 16:43:00+00
114,14,d4f24e1d-d554-45f2-a0bf-e9b217f27bec,1.00,2026-08-14 21:36:00+00
115,39,d4f24e1d-d554-45f2-a0bf-e9b217f27bec,1.00,2026-08-14 21:37:00+00
116,16,d4f24e1d-d554-45f2-a0bf-e9b217f27bec,1.00,2026-08-14 21:39:00+00
117,40,d4f24e1d-d554-45f2-a0bf-e9b217f27bec,0.33,2026-08-14 21:44:00+00
118,12,d4f24e1d-d554-45f2-a0bf-e9b217f27bec,1.00,2026-08-14 22:19:00+00
119,10,d4f24e1d-d554-45f2-a0bf-e9b217f27bec,1.00,2026-08-14 22:20:00+00
120,30,d4f24e1d-d554-45f2-a0bf-e9b217f27bec,1.50,2026-08-15 03:03:00+00
121,41,d4f24e1d-d554-45f2-a0bf-e9b217f27bec,1.00,2026-08-15 05:07:00+00
122,30,d4f24e1d-d554-45f2-a0bf-e9b217f27bec,0.50,2026-08-15 06:48:00+00
123,42,d4f24e1d-d554-45f2-a0bf-e9b217f27bec,5.00,2026-08-15 06:59:00+00
124,10,d4f24e1d-d554-45f2-a0bf-e9b217f27bec,1.00,2026-08-15 15:52:00+00
125,14,d4f24e1d-d554-45f2-a0bf-e9b217f27bec,1.00,2026-08-15 15:58:00+00
126,14,d4f24e1d-d554-45f2-a0bf-e9b217f27bec,1.00,2026-08-15 15:59:00+00
127,16,d4f24e1d-d554-45f2-a0bf-e9b217f27bec,1.00,2026-08-15 15:59:00+00
128,39,d4f24e1d-d554-45f2-a0bf-e9b217f27bec,0.50,2026-08-15 16:56:00+00
129,43,d4f24e1d-d554-45f2-a0bf-e9b217f27bec,1.20,2026-08-15 20:19:00+00
130,10,d4f24e1d-d554-45f2-a0bf-e9b217f27bec,1.00,2026-08-15 20:26:00+00
131,42,d4f24e1d-d554-45f2-a0bf-e9b217f27bec,5.00,2026-08-15 20:28:00+00
132,28,d4f24e1d-d554-45f2-a0bf-e9b217f27bec,1.00,2026-08-15 23:05:00+00
133,28,d4f24e1d-d554-45f2-a0bf-e9b217f27bec,1.00,2026-08-15 23:52:00+00
134,18,d4f24e1d-d554-45f2-a0bf-e9b217f27bec,1.33,2026-08-15 23:54:00+00
135,23,d4f24e1d-d554-45f2-a0bf-e9b217f27bec,1.00,2026-08-15 23:55:00+00
138,14,d4f24e1d-d554-45f2-a0bf-e9b217f27bec,2.00,2026-08-16 16:32:00+00
142,12,d4f24e1d-d554-45f2-a0bf-e9b217f27bec,1.00,2026-08-16 19:09:00+00
143,10,d4f24e1d-d554-45f2-a0bf-e9b217f27bec,1.00,2026-08-16 19:10:00+00
144,13,d4f24e1d-d554-45f2-a0bf-e9b217f27bec,1.00,2026-08-16 19:10:00+00
145,21,d4f24e1d-d554-45f2-a0bf-e9b217f27bec,0.50,2026-08-16 20:50:00+00
148,24,d4f24e1d-d554-45f2-a0bf-e9b217f27bec,1.50,2026-08-16 22:58:00+00
149,46,d4f24e1d-d554-45f2-a0bf-e9b217f27bec,3.33,2026-08-17 02:52:00+00
150,26,d4f24e1d-d554-45f2-a0bf-e9b217f27bec,1.00,2026-08-17 03:01:00+00
151,47,d4f24e1d-d554-45f2-a0bf-e9b217f27bec,1.00,2026-08-17 03:23:00+00
152,13,d4f24e1d-d554-45f2-a0bf-e9b217f27bec,1.00,2026-08-17 03:23:00+00
154,35,d4f24e1d-d554-45f2-a0bf-e9b217f27bec,0.25,2026-08-17 04:19:00+00
155,14,d4f24e1d-d554-45f2-a0bf-e9b217f27bec,2.00,2026-08-17 17:12:00+00
156,39,d4f24e1d-d554-45f2-a0bf-e9b217f27bec,0.25,2026-08-17 17:12:00+00
157,12,d4f24e1d-d554-45f2-a0bf-e9b217f27bec,1.00,2026-08-17 17:42:00+00
158,21,d4f24e1d-d554-45f2-a0bf-e9b217f27bec,0.50,2026-08-17 17:42:00+00
159,10,d4f24e1d-d554-45f2-a0bf-e9b217f27bec,1.00,2026-08-17 17:43:00+00
160,18,d4f24e1d-d554-45f2-a0bf-e9b217f27bec,0.75,2026-08-17 17:43:00+00
161,23,d4f24e1d-d554-45f2-a0bf-e9b217f27bec,0.75,2026-08-17 20:28:00+00
162,48,d4f24e1d-d554-45f2-a0bf-e9b217f27bec,1.60,2026-08-17 20:30:00+00
163,37,d4f24e1d-d554-45f2-a0bf-e9b217f27bec,2.00,2026-08-17 22:21:00+00
165,18,d4f24e1d-d554-45f2-a0bf-e9b217f27bec,1.33,2026-08-17 22:23:00+00
166,23,d4f24e1d-d554-45f2-a0bf-e9b217f27bec,1.00,2026-08-17 22:23:00+00
167,48,d4f24e1d-d554-45f2-a0bf-e9b217f27bec,0.80,2026-08-17 23:43:00+00
168,14,d4f24e1d-d554-45f2-a0bf-e9b217f27bec,1.00,2026-08-18 15:23:00+00
170,26,d4f24e1d-d554-45f2-a0bf-e9b217f27bec,1.00,2026-08-18 15:27:00+00
171,26,d4f24e1d-d554-45f2-a0bf-e9b217f27bec,1.00,2026-08-18 15:27:00+00
172,18,d4f24e1d-d554-45f2-a0bf-e9b217f27bec,1.33,2026-08-18 15:27:00+00
173,23,d4f24e1d-d554-45f2-a0bf-e9b217f27bec,1.00,2026-08-18 15:27:00+00
174,24,d4f24e1d-d554-45f2-a0bf-e9b217f27bec,1.50,2026-08-18 15:28:00+00
176,29,d4f24e1d-d554-45f2-a0bf-e9b217f27bec,1.00,2026-08-18 16:21:00+00
178,19,d4f24e1d-d554-45f2-a0bf-e9b217f27bec,2.00,2026-08-19 02:21:00+00
179,49,d4f24e1d-d554-45f2-a0bf-e9b217f27bec,0.50,2026-08-19 03:22:00+00
180,14,d4f24e1d-d554-45f2-a0bf-e9b217f27bec,1.00,2026-08-19 15:00:00+00
181,26,d4f24e1d-d554-45f2-a0bf-e9b217f27bec,2.00,2026-08-19 15:01:00+00
182,27,d4f24e1d-d554-45f2-a0bf-e9b217f27bec,1.00,2026-08-19 17:50:00+00
183,32,d4f24e1d-d554-45f2-a0bf-e9b217f27bec,1.00,2026-08-19 17:51:00+00
184,33,d4f24e1d-d554-45f2-a0bf-e9b217f27bec,1.00,2026-08-19 17:51:00+00
185,32,d4f24e1d-d554-45f2-a0bf-e9b217f27bec,1.00,2026-08-19 18:07:00+00
186,50,d4f24e1d-d554-45f2-a0bf-e9b217f27bec,0.50,2026-08-19 19:38:00+00
187,23,d4f24e1d-d554-45f2-a0bf-e9b217f27bec,1.00,2026-08-19 19:38:00+00
188,29,d4f24e1d-d554-45f2-a0bf-e9b217f27bec,1.00,2026-08-19 19:44:00+00
189,24,d4f24e1d-d554-45f2-a0bf-e9b217f27bec,0.75,2026-08-19 23:45:00+00
190,9,d4f24e1d-d554-45f2-a0bf-e9b217f27bec,1.00,2026-08-20 02:57:00+00
191,30,d4f24e1d-d554-45f2-a0bf-e9b217f27bec,0.50,2026-08-20 02:57:00+00
193,14,d4f24e1d-d554-45f2-a0bf-e9b217f27bec,1.00,2026-08-20 16:56:00+00
194,10,d4f24e1d-d554-45f2-a0bf-e9b217f27bec,1.00,2026-08-20 16:56:00+00
195,12,d4f24e1d-d554-45f2-a0bf-e9b217f27bec,1.00,2026-08-20 16:56:00+00
196,21,d4f24e1d-d554-45f2-a0bf-e9b217f27bec,0.75,2026-08-20 16:56:00+00
197,13,d4f24e1d-d554-45f2-a0bf-e9b217f27bec,1.00,2026-08-20 16:57:00+00
198,51,d4f24e1d-d554-45f2-a0bf-e9b217f27bec,3.00,2026-08-20 19:14:00+00
199,14,d4f24e1d-d554-45f2-a0bf-e9b217f27bec,1.00,2026-08-20 19:15:00+00
200,16,d4f24e1d-d554-45f2-a0bf-e9b217f27bec,1.00,2026-08-20 19:15:00+00
201,19,d4f24e1d-d554-45f2-a0bf-e9b217f27bec,1.00,2026-08-20 22:21:00+00
202,9,d4f24e1d-d554-45f2-a0bf-e9b217f27bec,1.00,2026-08-20 22:22:00+00
203,52,d4f24e1d-d554-45f2-a0bf-e9b217f27bec,1.50,2026-08-21 04:16:00+00
204,53,d4f24e1d-d554-45f2-a0bf-e9b217f27bec,1.00,2026-08-21 04:17:00+00
205,13,d4f24e1d-d554-45f2-a0bf-e9b217f27bec,1.00,2026-08-21 04:17:00+00
206,14,d4f24e1d-d554-45f2-a0bf-e9b217f27bec,1.00,2026-08-21 15:46:00+00
207,39,d4f24e1d-d554-45f2-a0bf-e9b217f27bec,0.50,2026-08-21 15:46:00+00
208,14,d4f24e1d-d554-45f2-a0bf-e9b217f27bec,1.00,2026-08-21 15:47:00+00
209,12,d4f24e1d-d554-45f2-a0bf-e9b217f27bec,1.00,2026-08-21 15:47:00+00
210,10,d4f24e1d-d554-45f2-a0bf-e9b217f27bec,1.00,2026-08-21 15:47:00+00
212,28,d4f24e1d-d554-45f2-a0bf-e9b217f27bec,1.00,2026-08-21 18:59:00+00
213,16,d4f24e1d-d554-45f2-a0bf-e9b217f27bec,1.00,2026-08-21 18:59:00+00
214,24,d4f24e1d-d554-45f2-a0bf-e9b217f27bec,1.50,2026-08-21 19:01:00+00
215,40,d4f24e1d-d554-45f2-a0bf-e9b217f27bec,0.33,2026-08-21 20:18:00+00
216,54,d4f24e1d-d554-45f2-a0bf-e9b217f27bec,1.00,2026-08-21 20:21:00+00
217,28,d4f24e1d-d554-45f2-a0bf-e9b217f27bec,1.00,2026-08-21 21:28:00+00
219,46,d4f24e1d-d554-45f2-a0bf-e9b217f27bec,1.50,2026-08-22 00:05:00+00
221,14,d4f24e1d-d554-45f2-a0bf-e9b217f27bec,2.00,2026-08-22 17:54:00+00
222,12,d4f24e1d-d554-45f2-a0bf-e9b217f27bec,1.00,2026-08-22 17:54:00+00
223,10,d4f24e1d-d554-45f2-a0bf-e9b217f27bec,1.00,2026-08-22 17:54:00+00
224,28,d4f24e1d-d554-45f2-a0bf-e9b217f27bec,1.00,2026-08-22 17:54:00+00
225,43,d4f24e1d-d554-45f2-a0bf-e9b217f27bec,1.00,2026-08-22 19:58:00+00
226,55,d4f24e1d-d554-45f2-a0bf-e9b217f27bec,1.50,2026-08-22 20:03:00+00
227,46,d4f24e1d-d554-45f2-a0bf-e9b217f27bec,1.50,2026-08-22 20:36:00+00
228,30,d4f24e1d-d554-45f2-a0bf-e9b217f27bec,0.50,2026-08-23 00:28:00+00
230,56,d4f24e1d-d554-45f2-a0bf-e9b217f27bec,2.00,2026-08-23 00:31:00+00
231,46,d4f24e1d-d554-45f2-a0bf-e9b217f27bec,1.00,2026-08-23 00:32:00+00
232,30,d4f24e1d-d554-45f2-a0bf-e9b217f27bec,0.75,2026-08-23 00:32:00+00
233,16,d4f24e1d-d554-45f2-a0bf-e9b217f27bec,1.00,2026-08-23 00:33:00+00
234,14,d4f24e1d-d554-45f2-a0bf-e9b217f27bec,2.00,2026-08-23 18:20:00+00
235,13,d4f24e1d-d554-45f2-a0bf-e9b217f27bec,1.00,2026-08-23 18:21:00+00
236,10,d4f24e1d-d554-45f2-a0bf-e9b217f27bec,1.00,2026-08-23 18:21:00+00
237,12,d4f24e1d-d554-45f2-a0bf-e9b217f27bec,1.00,2026-08-23 18:21:00+00
238,15,d4f24e1d-d554-45f2-a0bf-e9b217f27bec,2.00,2026-08-23 18:21:00+00
239,54,d4f24e1d-d554-45f2-a0bf-e9b217f27bec,1.00,2026-08-23 18:25:00+00
240,48,d4f24e1d-d554-45f2-a0bf-e9b217f27bec,2.60,2026-08-23 20:36:00+00
241,24,d4f24e1d-d554-45f2-a0bf-e9b217f27bec,1.50,2026-08-23 20:37:00+00
242,16,d4f24e1d-d554-45f2-a0bf-e9b217f27bec,1.00,2026-08-23 20:38:00+00
243,18,d4f24e1d-d554-45f2-a0bf-e9b217f27bec,1.25,2026-08-23 23:36:00+00
244,23,d4f24e1d-d554-45f2-a0bf-e9b217f27bec,1.00,2026-08-23 23:36:00+00
245,15,d4f24e1d-d554-45f2-a0bf-e9b217f27bec,1.00,2026-08-24 03:13:00+00
246,14,d4f24e1d-d554-45f2-a0bf-e9b217f27bec,2.00,2026-08-24 18:28:00+00
247,12,d4f24e1d-d554-45f2-a0bf-e9b217f27bec,1.00,2026-08-24 18:28:00+00
248,10,d4f24e1d-d554-45f2-a0bf-e9b217f27bec,1.00,2026-08-24 18:29:00+00
249,21,d4f24e1d-d554-45f2-a0bf-e9b217f27bec,1.00,2026-08-24 18:29:00+00
250,18,d4f24e1d-d554-45f2-a0bf-e9b217f27bec,1.33,2026-08-24 18:29:00+00
251,23,d4f24e1d-d554-45f2-a0bf-e9b217f27bec,1.00,2026-08-24 18:30:00+00
252,16,d4f24e1d-d554-45f2-a0bf-e9b217f27bec,1.00,2026-08-24 20:36:00+00
254,46,d4f24e1d-d554-45f2-a0bf-e9b217f27bec,0.75,2026-08-25 00:40:00+00
256,26,d4f24e1d-d554-45f2-a0bf-e9b217f27bec,1.00,2026-08-25 00:41:00+00
257,27,d4f24e1d-d554-45f2-a0bf-e9b217f27bec,1.00,2026-08-25 17:23:00+00
258,26,d4f24e1d-d554-45f2-a0bf-e9b217f27bec,2.00,2026-08-25 17:25:00+00
259,32,d4f24e1d-d554-45f2-a0bf-e9b217f27bec,1.00,2026-08-25 17:25:00+00
260,29,d4f24e1d-d554-45f2-a0bf-e9b217f27bec,1.00,2026-08-25 17:57:00+00
261,24,d4f24e1d-d554-45f2-a0bf-e9b217f27bec,0.87,2026-08-26 00:14:00+00
264,11,d4f24e1d-d554-45f2-a0bf-e9b217f27bec,1.00,2026-08-26 00:16:00+00
265,57,d4f24e1d-d554-45f2-a0bf-e9b217f27bec,1.00,2026-08-26 00:29:00+00
267,18,d4f24e1d-d554-45f2-a0bf-e9b217f27bec,0.67,2026-08-26 06:03:00+00
268,19,d4f24e1d-d554-45f2-a0bf-e9b217f27bec,1.00,2026-08-26 06:04:00+00
269,23,d4f24e1d-d554-45f2-a0bf-e9b217f27bec,0.50,2026-08-26 06:05:00+00
270,42,d4f24e1d-d554-45f2-a0bf-e9b217f27bec,2.00,2026-08-26 06:14:00+00
271,58,d4f24e1d-d554-45f2-a0bf-e9b217f27bec,1.00,2026-08-26 18:00:00+00
272,26,d4f24e1d-d554-45f2-a0bf-e9b217f27bec,2.00,2026-08-26 18:01:00+00
273,27,d4f24e1d-d554-45f2-a0bf-e9b217f27bec,1.00,2026-08-26 18:01:00+00
277,39,d4f24e1d-d554-45f2-a0bf-e9b217f27bec,1.00,2026-08-27 01:30:00+00
281,19,d4f24e1d-d554-45f2-a0bf-e9b217f27bec,2.00,2026-08-27 03:16:00+00
282,11,d4f24e1d-d554-45f2-a0bf-e9b217f27bec,1.40,2026-08-27 03:16:00+00
285,42,d4f24e1d-d554-45f2-a0bf-e9b217f27bec,4.00,2026-08-27 03:17:00+00
286,29,d4f24e1d-d554-45f2-a0bf-e9b217f27bec,1.00,2026-08-27 15:28:00+00
287,26,d4f24e1d-d554-45f2-a0bf-e9b217f27bec,1.00,2026-08-27 15:29:00+00
289,59,d4f24e1d-d554-45f2-a0bf-e9b217f27bec,1.00,2026-08-27 15:31:00+00
290,19,d4f24e1d-d554-45f2-a0bf-e9b217f27bec,1.00,2026-08-27 18:41:00+00
291,12,d4f24e1d-d554-45f2-a0bf-e9b217f27bec,1.00,2026-08-27 18:42:00+00
294,14,d4f24e1d-d554-45f2-a0bf-e9b217f27bec,1.00,2026-08-27 18:43:00+00
295,27,d4f24e1d-d554-45f2-a0bf-e9b217f27bec,1.00,2026-08-27 20:25:00+00
296,33,d4f24e1d-d554-45f2-a0bf-e9b217f27bec,1.00,2026-08-27 20:25:00+00
297,13,d4f24e1d-d554-45f2-a0bf-e9b217f27bec,1.00,2026-08-27 20:26:00+00
298,21,d4f24e1d-d554-45f2-a0bf-e9b217f27bec,2.00,2026-08-28 03:14:00+00
299,60,d4f24e1d-d554-45f2-a0bf-e9b217f27bec,0.65,2026-08-28 03:20:00+00
302,51,d4f24e1d-d554-45f2-a0bf-e9b217f27bec,1.00,2026-08-28 03:22:00+00
303,14,d4f24e1d-d554-45f2-a0bf-e9b217f27bec,2.00,2026-08-28 18:18:00+00
304,39,d4f24e1d-d554-45f2-a0bf-e9b217f27bec,1.00,2026-08-28 18:18:00+00
305,12,d4f24e1d-d554-45f2-a0bf-e9b217f27bec,1.00,2026-08-28 18:19:00+00
306,10,d4f24e1d-d554-45f2-a0bf-e9b217f27bec,1.00,2026-08-28 18:19:00+00
307,10,d4f24e1d-d554-45f2-a0bf-e9b217f27bec,1.00,2026-08-28 18:19:00+00
309,16,d4f24e1d-d554-45f2-a0bf-e9b217f27bec,1.00,2026-08-28 18:20:00+00
311,51,d4f24e1d-d554-45f2-a0bf-e9b217f27bec,4.00,2026-08-28 20:39:00+00
312,10,d4f24e1d-d554-45f2-a0bf-e9b217f27bec,1.00,2026-08-28 22:17:00+00
314,10,d4f24e1d-d554-45f2-a0bf-e9b217f27bec,1.00,2026-08-29 05:18:00+00
315,46,d4f24e1d-d554-45f2-a0bf-e9b217f27bec,1.00,2026-08-29 05:19:00+00
316,14,d4f24e1d-d554-45f2-a0bf-e9b217f27bec,2.00,2026-08-29 17:50:00+00
317,12,d4f24e1d-d554-45f2-a0bf-e9b217f27bec,1.00,2026-08-29 17:50:00+00
318,10,d4f24e1d-d554-45f2-a0bf-e9b217f27bec,1.00,2026-08-29 17:50:00+00
319,58,d4f24e1d-d554-45f2-a0bf-e9b217f27bec,1.00,2026-08-29 17:51:00+00
320,26,d4f24e1d-d554-45f2-a0bf-e9b217f27bec,1.00,2026-08-29 17:51:00+00
321,30,d4f24e1d-d554-45f2-a0bf-e9b217f27bec,1.00,2026-08-29 17:52:00+00
322,43,d4f24e1d-d554-45f2-a0bf-e9b217f27bec,1.00,2026-08-29 23:35:00+00
323,61,d4f24e1d-d554-45f2-a0bf-e9b217f27bec,1.00,2026-08-29 23:38:00+00
324,62,d4f24e1d-d554-45f2-a0bf-e9b217f27bec,1.00,2026-08-29 23:59:00+00
325,63,d4f24e1d-d554-45f2-a0bf-e9b217f27bec,0.75,2026-08-29 23:59:00+00
328,16,d4f24e1d-d554-45f2-a0bf-e9b217f27bec,1.00,2026-08-30 00:17:00+00
329,51,d4f24e1d-d554-45f2-a0bf-e9b217f27bec,3.00,2026-08-30 03:39:00+00
330,40,d4f24e1d-d554-45f2-a0bf-e9b217f27bec,0.25,2026-08-30 03:40:00+00
331,14,d4f24e1d-d554-45f2-a0bf-e9b217f27bec,2.00,2026-08-30 17:32:00+00
332,12,d4f24e1d-d554-45f2-a0bf-e9b217f27bec,1.00,2026-08-30 17:32:00+00
333,13,d4f24e1d-d554-45f2-a0bf-e9b217f27bec,1.00,2026-08-30 17:32:00+00
334,10,d4f24e1d-d554-45f2-a0bf-e9b217f27bec,1.00,2026-08-30 17:33:00+00
335,21,d4f24e1d-d554-45f2-a0bf-e9b217f27bec,1.00,2026-08-30 17:33:00+00
337,61,d4f24e1d-d554-45f2-a0bf-e9b217f27bec,0.33,2026-08-30 18:41:00+00
340,15,d4f24e1d-d554-45f2-a0bf-e9b217f27bec,2.00,2026-08-30 18:47:00+00
341,37,d4f24e1d-d554-45f2-a0bf-e9b217f27bec,1.00,2026-08-30 21:46:00+00
342,9,d4f24e1d-d554-45f2-a0bf-e9b217f27bec,1.00,2026-08-30 21:47:00+00
343,16,d4f24e1d-d554-45f2-a0bf-e9b217f27bec,1.00,2026-08-30 21:47:00+00
344,46,d4f24e1d-d554-45f2-a0bf-e9b217f27bec,1.00,2026-08-30 21:48:00+00
345,38,d4f24e1d-d554-45f2-a0bf-e9b217f27bec,0.25,2026-08-30 21:51:00+00
346,51,d4f24e1d-d554-45f2-a0bf-e9b217f27bec,1.00,2026-08-30 23:42:00+00
347,54,d4f24e1d-d554-45f2-a0bf-e9b217f27bec,1.00,2026-08-30 23:43:00+00
348,39,d4f24e1d-d554-45f2-a0bf-e9b217f27bec,1.00,2026-08-31 02:37:00+00
349,12,d4f24e1d-d554-45f2-a0bf-e9b217f27bec,1.00,2026-08-31 16:33:00+00
350,10,d4f24e1d-d554-45f2-a0bf-e9b217f27bec,1.00,2026-08-31 16:33:00+00
351,13,d4f24e1d-d554-45f2-a0bf-e9b217f27bec,1.00,2026-08-31 16:33:00+00
352,21,d4f24e1d-d554-45f2-a0bf-e9b217f27bec,1.00,2026-08-31 16:33:00+00
353,14,d4f24e1d-d554-45f2-a0bf-e9b217f27bec,2.00,2026-08-31 16:33:00+00
354,9,d4f24e1d-d554-45f2-a0bf-e9b217f27bec,1.00,2026-08-31 16:34:00+00
355,16,d4f24e1d-d554-45f2-a0bf-e9b217f27bec,1.00,2026-08-31 16:35:00+00
356,64,d4f24e1d-d554-45f2-a0bf-e9b217f27bec,1.00,2026-08-31 20:45:00+00
357,18,d4f24e1d-d554-45f2-a0bf-e9b217f27bec,1.25,2026-08-31 23:31:00+00
359,36,d4f24e1d-d554-45f2-a0bf-e9b217f27bec,0.15,2026-08-31 23:33:00+00
360,35,d4f24e1d-d554-45f2-a0bf-e9b217f27bec,1.00,2026-09-01 00:59:00+00
361,51,d4f24e1d-d554-45f2-a0bf-e9b217f27bec,0.50,2026-09-01 01:00:00+00
362,26,d4f24e1d-d554-45f2-a0bf-e9b217f27bec,2.00,2026-09-01 15:01:00+00
363,18,d4f24e1d-d554-45f2-a0bf-e9b217f27bec,1.33,2026-09-01 15:01:00+00
364,35,d4f24e1d-d554-45f2-a0bf-e9b217f27bec,1.00,2026-09-01 15:02:00+00
365,14,d4f24e1d-d554-45f2-a0bf-e9b217f27bec,1.00,2026-09-01 15:02:00+00
367,36,d4f24e1d-d554-45f2-a0bf-e9b217f27bec,0.12,2026-09-01 19:29:00+00
368,30,d4f24e1d-d554-45f2-a0bf-e9b217f27bec,0.25,2026-09-01 19:30:00+00
369,46,d4f24e1d-d554-45f2-a0bf-e9b217f27bec,1.00,2026-09-01 23:44:00+00
370,11,d4f24e1d-d554-45f2-a0bf-e9b217f27bec,1.40,2026-09-01 23:44:00+00
371,51,d4f24e1d-d554-45f2-a0bf-e9b217f27bec,4.00,2026-09-02 05:09:00+00
372,30,d4f24e1d-d554-45f2-a0bf-e9b217f27bec,0.25,2026-09-02 05:21:00+00
373,26,d4f24e1d-d554-45f2-a0bf-e9b217f27bec,2.00,2026-09-02 15:01:00+00
374,27,d4f24e1d-d554-45f2-a0bf-e9b217f27bec,1.00,2026-09-02 15:02:00+00
375,32,d4f24e1d-d554-45f2-a0bf-e9b217f27bec,1.00,2026-09-02 15:03:00+00
377,30,d4f24e1d-d554-45f2-a0bf-e9b217f27bec,0.25,2026-09-02 18:16:00+00
379,33,d4f24e1d-d554-45f2-a0bf-e9b217f27bec,1.00,2026-09-02 18:17:00+00
380,46,d4f24e1d-d554-45f2-a0bf-e9b217f27bec,0.36,2026-09-03 00:19:00+00
381,18,d4f24e1d-d554-45f2-a0bf-e9b217f27bec,0.30,2026-09-03 00:21:00+00
382,35,d4f24e1d-d554-45f2-a0bf-e9b217f27bec,0.25,2026-09-03 00:22:00+00
383,11,d4f24e1d-d554-45f2-a0bf-e9b217f27bec,1.40,2026-09-03 00:23:00+00
384,51,d4f24e1d-d554-45f2-a0bf-e9b217f27bec,2.00,2026-09-03 01:42:00+00
396,26,d4f24e1d-d554-45f2-a0bf-e9b217f27bec,2.00,2026-09-03 18:16:00+00
398,14,d4f24e1d-d554-45f2-a0bf-e9b217f27bec,1.00,2026-09-03 19:06:00+00
402,9,d4f24e1d-d554-45f2-a0bf-e9b217f27bec,1.00,2026-09-03 19:20:00+00
403,19,d4f24e1d-d554-45f2-a0bf-e9b217f27bec,2.00,2026-09-04 00:20:00+00
404,37,d4f24e1d-d554-45f2-a0bf-e9b217f27bec,2.00,2026-09-04 00:21:00+00
405,25,d4f24e1d-d554-45f2-a0bf-e9b217f27bec,2.50,2026-09-04 01:44:00+00
406,30,d4f24e1d-d554-45f2-a0bf-e9b217f27bec,0.50,2026-09-04 03:23:00+00
407,36,d4f24e1d-d554-45f2-a0bf-e9b217f27bec,1.25,2026-09-04 03:24:00+00
408,14,d4f24e1d-d554-45f2-a0bf-e9b217f27bec,2.00,2026-09-04 17:20:00+00
412,11,d4f24e1d-d554-45f2-a0bf-e9b217f27bec,1.40,2026-09-04 17:21:00+00
413,12,d4f24e1d-d554-45f2-a0bf-e9b217f27bec,1.50,2026-09-04 17:21:00+00
416,16,d4f24e1d-d554-45f2-a0bf-e9b217f27bec,1.00,2026-09-04 17:41:00+00
417,13,d4f24e1d-d554-45f2-a0bf-e9b217f27bec,0.50,2026-09-04 17:42:00+00
418,30,d4f24e1d-d554-45f2-a0bf-e9b217f27bec,0.50,2026-09-04 17:43:00+00
419,76,d4f24e1d-d554-45f2-a0bf-e9b217f27bec,2.00,2026-09-05 03:06:00+00
420,77,d4f24e1d-d554-45f2-a0bf-e9b217f27bec,0.33,2026-09-05 03:10:00+00
421,14,d4f24e1d-d554-45f2-a0bf-e9b217f27bec,2.00,2026-09-05 17:00:00+00
422,39,d4f24e1d-d554-45f2-a0bf-e9b217f27bec,1.00,2026-09-05 17:00:00+00
424,12,d4f24e1d-d554-45f2-a0bf-e9b217f27bec,1.00,2026-09-05 17:30:00+00
425,13,d4f24e1d-d554-45f2-a0bf-e9b217f27bec,0.50,2026-09-05 17:30:00+00
426,10,d4f24e1d-d554-45f2-a0bf-e9b217f27bec,1.00,2026-09-05 17:30:00+00
427,16,d4f24e1d-d554-45f2-a0bf-e9b217f27bec,1.00,2026-09-05 17:30:00+00
428,10,d4f24e1d-d554-45f2-a0bf-e9b217f27bec,1.00,2026-09-05 20:17:00+00
429,16,d4f24e1d-d554-45f2-a0bf-e9b217f27bec,1.00,2026-09-05 20:18:00+00
430,30,d4f24e1d-d554-45f2-a0bf-e9b217f27bec,0.25,2026-09-05 20:27:00+00
431,43,d4f24e1d-d554-45f2-a0bf-e9b217f27bec,1.00,2026-09-06 00:17:00+00
432,10,d4f24e1d-d554-45f2-a0bf-e9b217f27bec,1.00,2026-09-06 00:17:00+00
433,76,d4f24e1d-d554-45f2-a0bf-e9b217f27bec,0.62,2026-09-06 00:18:00+00
434,16,d4f24e1d-d554-45f2-a0bf-e9b217f27bec,1.00,2026-09-06 00:32:00+00
435,78,d4f24e1d-d554-45f2-a0bf-e9b217f27bec,1.00,2026-09-06 00:35:00+00
436,30,d4f24e1d-d554-45f2-a0bf-e9b217f27bec,0.25,2026-09-06 03:41:00+00
437,14,d4f24e1d-d554-45f2-a0bf-e9b217f27bec,1.00,2026-09-06 16:05:00+00
438,15,d4f24e1d-d554-45f2-a0bf-e9b217f27bec,2.00,2026-09-07 18:30:00+00
439,9,d4f24e1d-d554-45f2-a0bf-e9b217f27bec,1.00,2026-09-07 18:30:00+00
440,16,d4f24e1d-d554-45f2-a0bf-e9b217f27bec,1.00,2026-09-07 18:31:00+00
441,14,d4f24e1d-d554-45f2-a0bf-e9b217f27bec,1.00,2026-09-06 18:32:00+00
442,12,d4f24e1d-d554-45f2-a0bf-e9b217f27bec,1.00,2026-09-06 18:33:00+00
443,13,d4f24e1d-d554-45f2-a0bf-e9b217f27bec,1.00,2026-09-06 18:33:00+00
444,21,d4f24e1d-d554-45f2-a0bf-e9b217f27bec,1.00,2026-09-06 18:34:00+00
445,10,d4f24e1d-d554-45f2-a0bf-e9b217f27bec,1.00,2026-09-06 18:34:00+00
446,16,d4f24e1d-d554-45f2-a0bf-e9b217f27bec,1.00,2026-09-06 18:35:00+00
447,25,d4f24e1d-d554-45f2-a0bf-e9b217f27bec,2.67,2026-09-06 18:35:00+00
448,79,d4f24e1d-d554-45f2-a0bf-e9b217f27bec,2.00,2026-09-06 18:41:00+00
449,35,d4f24e1d-d554-45f2-a0bf-e9b217f27bec,1.00,2026-09-06 18:43:00+00
452,80,d4f24e1d-d554-45f2-a0bf-e9b217f27bec,3.00,2026-09-06 18:51:00+00
453,81,d4f24e1d-d554-45f2-a0bf-e9b217f27bec,1.00,2026-09-06 18:55:00+00
454,10,d4f24e1d-d554-45f2-a0bf-e9b217f27bec,3.00,2026-09-06 18:55:00+00
455,14,d4f24e1d-d554-45f2-a0bf-e9b217f27bec,2.00,2026-09-07 19:01:00+00
456,76,d4f24e1d-d554-45f2-a0bf-e9b217f27bec,1.12,2026-09-07 22:17:00+00
457,10,d4f24e1d-d554-45f2-a0bf-e9b217f27bec,1.00,2026-09-07 22:18:00+00
458,60,d4f24e1d-d554-45f2-a0bf-e9b217f27bec,1.00,2026-09-07 22:31:00+00
459,82,d4f24e1d-d554-45f2-a0bf-e9b217f27bec,1.00,2026-09-07 22:35:00+00
460,14,d4f24e1d-d554-45f2-a0bf-e9b217f27bec,1.00,2026-09-08 01:41:00+00
461,10,d4f24e1d-d554-45f2-a0bf-e9b217f27bec,1.00,2026-09-08 01:41:00+00
462,19,d4f24e1d-d554-45f2-a0bf-e9b217f27bec,1.00,2026-09-08 01:41:00+00
463,14,d4f24e1d-d554-45f2-a0bf-e9b217f27bec,1.01,2026-09-08 15:02:00+00
464,12,d4f24e1d-d554-45f2-a0bf-e9b217f27bec,1.00,2026-09-08 15:59:00+00
465,10,d4f24e1d-d554-45f2-a0bf-e9b217f27bec,1.00,2026-09-08 15:59:00+00
466,13,d4f24e1d-d554-45f2-a0bf-e9b217f27bec,0.10,2026-09-08 15:59:00+00
467,14,d4f24e1d-d554-45f2-a0bf-e9b217f27bec,1.00,2026-09-08 17:28:00+00
468,79,d4f24e1d-d554-45f2-a0bf-e9b217f27bec,1.50,2026-09-08 18:34:00+00
469,16,d4f24e1d-d554-45f2-a0bf-e9b217f27bec,1.00,2026-09-08 18:34:00+00
470,16,d4f24e1d-d554-45f2-a0bf-e9b217f27bec,1.00,2026-09-08 20:44:00+00
471,34,d4f24e1d-d554-45f2-a0bf-e9b217f27bec,3.00,2026-09-08 22:31:00+00
472,35,d4f24e1d-d554-45f2-a0bf-e9b217f27bec,1.00,2026-09-08 22:31:00+00
474,30,d4f24e1d-d554-45f2-a0bf-e9b217f27bec,0.25,2026-09-09 03:23:00+00
476,51,d4f24e1d-d554-45f2-a0bf-e9b217f27bec,3.00,2026-09-09 05:01:00+00